,POPULATION,ZIPCODE,Id2,disability_r,edu_high_r,edu_low_r,employment_r,hh,hh_with6_r,utility_gas_r,tank_gas_r,electricity_r,fueloil_r,coal_r,other_fuels_r,occupied_hu_own_r,occupied_hu_rent_r,built_before1980_r,married_r,non_eng_r,below_poverty_r,pop,male_pop_r,female_pop_r,elder_pop_r,white_r,black_r,asian_r,native_r,towork_less30_r,towork_over30_r
0,18681.0,11436,11436,0.123,0.177,0.357,0.578,5454.0,0.00291529152915,0.814,0.021,0.047,0.112,0.0,0.002,0.67968463513,0.32031536487,0.857,0.375,0.194,0.137,19425.0,0.489935649936,0.510064350064,0.000586872586873,0.0624453024453,0.701981981982,0.0690862290862,0.00813384813385,0.252196627879,0.747803372121
1,62426.0,11213,11213,0.106,0.219,0.31,0.532,24163.0,0.000856681703431,0.781,0.01,0.055,0.135,0.0,0.008,0.138641724951,0.861358275049,0.897,0.3,0.299,0.276,64603.0,0.454638329489,0.545361670511,0.000170270730461,0.199464421157,0.683466712072,0.0170580313608,0.00328158135071,0.278333132603,0.721666867397
2,83866.0,11212,11212,0.12,0.125,0.366,0.461,31443.0,0.000680596635181,0.801,0.012,0.07,0.091,0.001,0.011,0.148904366632,0.851095633368,0.851,0.244,0.204,0.354,88668.0,0.422362069743,0.577637930257,0.000129697297785,0.0494090314431,0.836040059548,0.0128231154419,0.00325934948347,0.201659029334,0.798340970666
3,56527.0,11225,11225,0.069,0.315,0.252,0.575,23133.0,0.000989927808758,0.648,0.012,0.044,0.266,0.0,0.013,0.141486188562,0.858513811438,0.953,0.311,0.288,0.196,60180.0,0.455500166168,0.544499833832,0.000189431704885,0.208109006314,0.701113326687,0.0238451312728,0.00450315719508,0.220052183255,0.779947816745
4,72280.0,11218,11218,0.086,0.418,0.212,0.607,24909.0,0.00110401862781,0.674,0.03,0.053,0.214,0.001,0.013,0.333614356257,0.666385643743,0.927,0.493,0.567,0.233,75691.0,0.492502411119,0.507497588881,0.000137400747777,0.572749732465,0.0852545216736,0.171077142593,0.00373888573278,0.26600200025,0.73399799975
5,106132.0,11226,11226,0.079,0.249,0.321,0.596,36009.0,0.000641506290094,0.741,0.015,0.045,0.175,0.0,0.012,0.125829653698,0.874170346302,0.961,0.314,0.364,0.198,99026.0,0.449679882051,0.550320117949,0.00011613111708,0.12135196817,0.720164401268,0.0307394017733,0.00117140952881,0.184666681892,0.815333318108
6,92561.0,11219,11219,0.09,0.17,0.335,0.542,26390.0,0.000939749905267,0.812,0.023,0.042,0.112,0.001,0.006,0.258658582797,0.741341417203,0.844,0.581,0.804,0.356,97670.0,0.512163407392,0.487836592608,0.000105457151633,0.656189208559,0.0128391522474,0.249124603256,0.00146411385277,0.392819839446,0.607180160554
7,67067.0,11210,11210,0.07,0.342,0.31,0.564,21925.0,0.000770809578107,0.768,0.017,0.047,0.154,0.001,0.005,0.458472063854,0.541527936146,0.965,0.399,0.341,0.148,67432.0,0.456059437656,0.543940562344,0.000160161347728,0.296165025507,0.594791790248,0.0482263613715,0.00117155059912,0.32254734444,0.67745265556
8,80857.0,11230,11230,0.118,0.389,0.229,0.526,30653.0,0.000756859035005,0.651,0.023,0.061,0.219,0.0,0.02,0.282451962288,0.717548037712,0.924,0.517,0.562,0.244,88589.0,0.48301707887,0.51698292113,0.00016141958934,0.6959554798,0.0741288421813,0.142037950536,0.0044926571019,0.334741288279,0.665258711721
9,77354.0,11204,11204,0.089,0.251,0.31,0.534,24480.0,0.000878267973856,0.806,0.025,0.044,0.102,0.001,0.011,0.384272875817,0.615727124183,0.922,0.572,0.744,0.238,80486.0,0.493265909599,0.506734090401,0.000162761225555,0.637787938275,0.00822503292498,0.293864771513,0.00246005516487,0.323334200937,0.676665799063
10,23477.0,10471,10471,0.11,0.554,0.172,0.538,8620.0,0.00252900232019,0.391,0.034,0.073,0.478,0.0,0.018,0.503248259861,0.496751740139,0.921,0.39,0.334,0.093,21727.0,0.463754775165,0.536245224835,0.000984949601878,0.71800064436,0.0795784047499,0.071523910342,0.00248538684586,0.29920108023,0.70079891977
11,14740.0,10470,10470,0.117,0.309,0.305,0.573,5747.0,0.00468070297547,0.421,0.017,0.028,0.522,0.0,0.006,0.392204628502,0.607795371498,0.899,0.39,0.278,0.129,14868.0,0.489305891848,0.510694108152,0.00106941081517,0.485808447673,0.330441216034,0.02932472424,0.00477535647027,0.328479207326,0.671520792674
12,68942.0,10466,10466,0.121,0.219,0.323,0.552,22891.0,0.000664016425669,0.483,0.012,0.087,0.399,0.0,0.007,0.375387706959,0.624612293041,0.883,0.328,0.263,0.212,71138.0,0.454721808316,0.545278191684,0.000167280497062,0.0770333717563,0.73654024572,0.0204813180016,0.0056088166662,0.28358622601,0.71641377399
13,97932.0,10467,10467,0.155,0.19,0.289,0.52,35178.0,0.000577065211212,0.291,0.014,0.061,0.611,0.0,0.012,0.112911478765,0.887088521235,0.882,0.316,0.572,0.297,101134.0,0.480392350743,0.519607649257,0.000106789012597,0.193555085332,0.366632388712,0.0672671900647,0.00677319200269,0.279494639721,0.720505360279
14,70641.0,10463,10463,0.119,0.379,0.197,0.567,27458.0,0.000965110350353,0.339,0.02,0.065,0.542,0.002,0.018,0.307888411392,0.692111588608,0.937,0.378,0.545,0.177,71981.0,0.477028660341,0.522971339659,0.000237562690154,0.440296744974,0.147344438116,0.0383990219641,0.00705741792973,0.290278563584,0.709721436416
15,40931.0,10475,10475,0.172,0.253,0.277,0.512,18271.0,0.000711510043238,0.388,0.009,0.274,0.227,0.008,0.045,0.392972470034,0.607027529966,0.917,0.314,0.344,0.095,43913.0,0.449547969849,0.550452030151,0.000487327215175,0.164233825974,0.603124359529,0.0128891216724,0.00567030264386,0.212471255147,0.787528744853
16,4438.0,10464,10464,0.127,0.399,0.287,0.596,2024.0,0.00909090909091,0.799,0.008,0.023,0.15,0.0,0.0,0.629446640316,0.370553359684,0.837,0.46,0.197,0.037,4723.0,0.438704213424,0.561295786576,0.00398052085539,0.766673724328,0.022231632437,0.0463688333686,0.00232902816007,0.503890160183,0.496109839817
17,65101.0,10469,10469,0.117,0.245,0.277,0.538,22014.0,0.000831289179613,0.6,0.012,0.06,0.317,0.0,0.004,0.481466339602,0.518533660398,0.892,0.378,0.372,0.135,72732.0,0.452125611835,0.547874388165,0.000204861683991,0.196570972887,0.54398339108,0.0489880657757,0.00947313424627,0.302423144046,0.697576855954
18,72877.0,10468,10468,0.106,0.177,0.281,0.563,24631.0,0.000945962405099,0.216,0.013,0.064,0.682,0.0,0.008,0.0857050058869,0.914294994113,0.946,0.305,0.763,0.326,73637.0,0.47667612749,0.52332387251,0.000119505140079,0.13470130505,0.218409223624,0.0445564050681,0.00689870581365,0.244680491188,0.755319508812
20,79362.0,10458,10458,0.127,0.137,0.288,0.508,26349.0,0.000785608561995,0.208,0.015,0.067,0.689,0.0,0.009,0.0447834832441,0.955216516756,0.911,0.27,0.689,0.379,79974.0,0.482306749694,0.517693250306,9.00292595093e-05,0.202165703854,0.205416760447,0.0331982894441,0.00737739765424,0.289327385038,0.710672614962
21,39149.0,10034,10034,0.096,0.319,0.205,0.571,15462.0,0.00144224550511,0.276,0.021,0.04,0.625,0.0,0.019,0.0902858621136,0.909714137886,0.958,0.32,0.729,0.263,43405.0,0.482962792305,0.517037207695,0.000253427024536,0.370832853358,0.0846215873747,0.023407441539,0.0125100794839,0.216833324421,0.783166675579
22,54284.0,10033,10033,0.113,0.341,0.167,0.58,19548.0,0.00144771843667,0.275,0.015,0.048,0.626,0.0,0.014,0.102465725394,0.897534274606,0.971,0.339,0.722,0.249,59844.0,0.514270436468,0.485729563532,0.000197179332932,0.405587861774,0.0929583583985,0.0228928547557,0.0108114430854,0.260188087774,0.739811912226
23,75674.0,10462,10462,0.114,0.242,0.269,0.585,29345.0,0.000695178054183,0.448,0.017,0.085,0.414,0.001,0.018,0.220991651048,0.779008348952,0.914,0.368,0.57,0.197,78504.0,0.46624375828,0.53375624172,0.000141394069092,0.235185468256,0.271311015999,0.121662590441,0.00501885254255,0.259395789534,0.740604210466
24,41033.0,10040,10040,0.092,0.341,0.175,0.584,16002.0,0.00124359455068,0.251,0.026,0.048,0.634,0.001,0.02,0.0965504311961,0.903449568804,0.972,0.338,0.721,0.21,44378.0,0.464013700482,0.535986299518,0.000317724998873,0.36680337104,0.0936274730722,0.0299022037947,0.00903600883321,0.247756188973,0.752243811027
25,77576.0,10453,10453,0.162,0.13,0.289,0.512,26802.0,0.000604432505037,0.321,0.012,0.104,0.531,0.0,0.008,0.0351839414969,0.964816058503,0.88,0.28,0.716,0.428,80081.0,0.458673093493,0.541326906507,9.36551741362e-05,0.098225546634,0.318827187473,0.0164333612218,0.00874114958604,0.267832069643,0.732167930357
26,42012.0,10465,10465,0.116,0.249,0.307,0.555,15560.0,0.00125964010283,0.656,0.01,0.071,0.252,0.0,0.006,0.559575835476,0.440424164524,0.83,0.412,0.405,0.135,45839.0,0.481424114837,0.518575885163,0.000353410851022,0.626082593425,0.113178734266,0.0385697768276,0.00205065555531,0.38838013838,0.61161986162
29,50549.0,10461,10461,0.135,0.255,0.294,0.558,19086.0,0.00150372000419,0.46,0.024,0.064,0.432,0.001,0.012,0.297233574348,0.702766425652,0.904,0.422,0.556,0.163,51820.0,0.485160169819,0.514839830181,0.000283674257044,0.471979930529,0.0850443844076,0.105692782709,0.00387881126978,0.391316183476,0.608683816524
30,70253.0,10457,10457,0.139,0.123,0.259,0.471,23749.0,0.000715819613457,0.312,0.009,0.104,0.556,0.0,0.007,0.0654343340772,0.934565665923,0.853,0.279,0.703,0.403,73763.0,0.46383688299,0.53616311701,0.000107099765465,0.121022734976,0.347979339235,0.0126215040061,0.00459580006236,0.288064801924,0.711935198076
31,56670.0,10460,10460,0.125,0.117,0.272,0.474,19776.0,0.000859627831715,0.249,0.012,0.092,0.623,0.0,0.006,0.0957726537217,0.904227346278,0.772,0.259,0.638,0.415,59512.0,0.458731012233,0.541268987767,0.000151230004033,0.137535287001,0.283001747547,0.013526683694,0.0020836133889,0.236236136669,0.763763863331
32,57606.0,10032,10032,0.145,0.279,0.203,0.551,20243.0,0.00112137529022,0.316,0.019,0.074,0.556,0.0,0.017,0.0667885194882,0.933211480512,0.942,0.254,0.705,0.294,62685.0,0.492366594879,0.507633405121,0.000188242801308,0.303437824041,0.206508734147,0.0372497407673,0.0113902847571,0.341819699499,0.658180300501
33,76104.0,10452,10452,0.158,0.128,0.275,0.507,25432.0,0.000633060710915,0.312,0.007,0.076,0.574,0.0,0.017,0.0332651777288,0.966734822271,0.774,0.284,0.728,0.408,75559.0,0.46578170701,0.53421829299,8.99958972459e-05,0.128919122805,0.334625921465,0.0113818340634,0.00390423377758,0.278154267875,0.721845732125
34,89390.0,10456,10456,0.144,0.123,0.26,0.46,29255.0,0.0005229875235,0.36,0.015,0.093,0.504,0.001,0.009,0.0608443001196,0.93915569988,0.831,0.266,0.656,0.42,91868.0,0.457874341446,0.542125658554,9.47010928724e-05,0.0845778725998,0.400912178343,0.0109396090042,0.00781556145774,0.264053051127,0.735946948873
35,66356.0,10472,10472,0.113,0.11,0.272,0.518,21303.0,0.000844951415294,0.341,0.012,0.056,0.571,0.003,0.008,0.135849410881,0.864150589119,0.923,0.304,0.64,0.353,68654.0,0.489061088939,0.510938911061,0.000144201357532,0.173420339674,0.289873860227,0.057010516503,0.0070644099397,0.253966988278,0.746033011722
36,57010.0,10031,10031,0.11,0.309,0.204,0.605,21191.0,0.00125053088575,0.287,0.017,0.071,0.577,0.016,0.018,0.104053607664,0.895946392336,0.954,0.232,0.598,0.25,59244.0,0.48372831004,0.51627168996,0.000185672810749,0.281885085409,0.334126662616,0.0318513267166,0.00442238876511,0.253087074974,0.746912925026
37,24234.0,10039,10039,0.143,0.27,0.248,0.524,10631.0,0.00179663248989,0.396,0.008,0.13,0.423,0.002,0.013,0.127457435801,0.872542564199,0.778,0.212,0.386,0.29,26697.0,0.45529460239,0.54470539761,0.000348353747612,0.1294527475,0.660486196951,0.00839045585646,0.00902723152414,0.308662658914,0.691337341086
38,46804.0,10459,10459,0.117,0.109,0.265,0.463,15688.0,0.00101351351351,0.345,0.006,0.08,0.543,0.002,0.01,0.0873916369199,0.91260836308,0.662,0.25,0.694,0.401,47778.0,0.470216417598,0.529783582402,0.000190464230399,0.124911046925,0.313052032316,0.0115325045,0.00684415421324,0.237028301887,0.762971698113
39,44140.0,10451,10451,0.166,0.172,0.25,0.465,18140.0,0.000898566703418,0.373,0.009,0.099,0.489,0.0,0.014,0.127232635061,0.872767364939,0.817,0.235,0.62,0.358,48188.0,0.44249605711,0.55750394289,0.000234498215323,0.121191998008,0.413360172657,0.0152942641321,0.0133020669046,0.237300890505,0.762699109495
40,58284.0,10473,10473,0.162,0.167,0.303,0.475,20624.0,0.000625484871994,0.496,0.021,0.08,0.372,0.0,0.009,0.285832040341,0.714167959659,0.838,0.288,0.523,0.287,59352.0,0.446977355439,0.553022644561,0.000225771667341,0.310166464483,0.401132228063,0.0233859010648,0.00556004852406,0.265935887988,0.734064112012
41,26720.0,10030,10030,0.138,0.285,0.25,0.546,11891.0,0.00237995122361,0.413,0.025,0.102,0.424,0.006,0.011,0.104701034396,0.895298965604,0.8,0.218,0.325,0.291,29209.0,0.47016330583,0.52983669417,0.000325242219864,0.146906775309,0.665137457633,0.0266356260057,0.00883289397104,0.282684630739,0.717315369261
42,58639.0,10027,10027,0.102,0.445,0.207,0.492,22937.0,0.000819636395344,0.421,0.012,0.132,0.399,0.0,0.014,0.141212887474,0.858787112526,0.816,0.25,0.381,0.318,64413.0,0.463881514601,0.536118485399,0.000141275829413,0.288031919023,0.432257463555,0.0965954077593,0.00403645226895,0.368241840379,0.631758159621
43,12281.0,10474,10474,0.126,0.118,0.261,0.423,3613.0,0.00321062828674,0.396,0.002,0.05,0.536,0.0,0.005,0.064766122336,0.935233877664,0.799,0.246,0.665,0.423,12686.0,0.51395238846,0.48604761154,0.000575437490147,0.197067633612,0.315938830207,0.00504493142046,0.0107993063219,0.390042598509,0.609957401491
44,39834.0,10455,10455,0.151,0.101,0.257,0.482,14023.0,0.00119803180489,0.346,0.011,0.108,0.509,0.0,0.013,0.0735933823005,0.926406617699,0.829,0.255,0.732,0.423,41609.0,0.484077963902,0.515922036098,0.000225912663126,0.1207190752,0.276526712971,0.0100699367925,0.0065851137975,0.257723050335,0.742276949665
45,16931.0,10037,10037,0.159,0.382,0.211,0.519,9109.0,0.00228345592271,0.464,0.021,0.083,0.383,0.004,0.015,0.0693819299594,0.930618070041,0.893,0.189,0.269,0.291,18777.0,0.445225541886,0.554774458114,0.000798849656495,0.107578420408,0.732385365074,0.0240187463386,0.00319539862598,0.278487972509,0.721512027491
46,58521.0,10024,10024,0.086,0.772,0.07,0.689,28675.0,0.00112641673932,0.382,0.022,0.162,0.394,0.0,0.022,0.359093286835,0.640906713165,0.909,0.456,0.258,0.072,58391.0,0.464780531246,0.535219468754,0.00029799112877,0.813550033396,0.0588618108955,0.0683667003477,0.00226062235619,0.415951440786,0.584048559214
47,37466.0,10454,10454,0.173,0.09,0.274,0.452,12790.0,0.00103205629398,0.473,0.006,0.101,0.393,0.0,0.007,0.0544175136826,0.945582486317,0.826,0.234,0.665,0.479,39012.0,0.479519122321,0.520480877679,0.000217881677433,0.181764585256,0.307495129704,0.00717727878601,0.0079975392187,0.246885521886,0.753114478114
48,34313.0,10026,10026,0.111,0.411,0.216,0.562,14527.0,0.00198251531631,0.375,0.01,0.168,0.415,0.0,0.013,0.175810559648,0.824189440352,0.715,0.265,0.331,0.291,38310.0,0.464969981728,0.535030018272,0.000245366744975,0.258235447664,0.554189506656,0.0497781258157,0.00216653615244,0.330761994356,0.669238005644
49,34884.0,10035,10035,0.179,0.23,0.221,0.466,12999.0,0.00129240710824,0.365,0.015,0.166,0.42,0.004,0.015,0.0823140241557,0.917685975844,0.706,0.21,0.495,0.395,33920.0,0.495489386792,0.504510613208,0.00033608490566,0.212853773585,0.426886792453,0.0438974056604,0.00583726415094,0.33741485566,0.66258514434
50,0.0,10048,10048,,,,,,,,,,,,,,,,,,,,,,,,,,,,
51,96054.0,10025,10025,0.106,0.678,0.093,0.599,43456.0,0.000609812223859,0.321,0.02,0.146,0.464,0.003,0.024,0.241186487482,0.758813512518,0.906,0.355,0.346,0.163,96068.0,0.434223674897,0.565776325103,0.00017591705875,0.6489569888,0.141222883791,0.0930903110297,0.00905608527293,0.388045644699,0.611954355301
52,38944.0,11357,11357,0.104,0.367,0.266,0.541,14846.0,0.00183214333827,0.678,0.017,0.053,0.238,0.0,0.007,0.747474067089,0.252525932911,0.893,0.56,0.519,0.06,39737.0,0.475023278053,0.524976721947,0.000541057452752,0.751314895438,0.00480660341747,0.192138309384,0.00372448851197,0.427093188269,0.572906811731
53,77503.0,10029,10029,0.123,0.326,0.263,0.505,30115.0,0.000518014278599,0.618,0.006,0.175,0.162,0.001,0.012,0.0619956832143,0.938004316786,0.842,0.252,0.565,0.306,79251.0,0.458845945162,0.541154054838,0.000156464902651,0.309459817542,0.289005816961,0.0899547008871,0.00464347453029,0.369800386349,0.630199613651
54,25.0,00083,00083,,,,,,,,,,,,,,,,,,,,,,,,,,,,
55,23379.0,11356,11356,0.077,0.218,0.35,0.588,7712.0,0.0034362033195,0.775,0.022,0.055,0.142,0.0,0.001,0.454745850622,0.545254149378,0.694,0.519,0.713,0.123,24631.0,0.500913483009,0.499086516991,0.000446591693395,0.358572530551,0.0179448662255,0.321018229061,0.00710486784946,0.329507278835,0.670492721165
56,0.0,11359,11359,,,,,0.0,,,,,,,,,,,,,,0.0,,,,,,,inf,,
57,18973.0,11360,11360,0.139,0.49,0.214,0.532,8567.0,0.00364188163885,0.617,0.026,0.125,0.214,0.001,0.012,0.684720438893,0.315279561107,0.763,0.578,0.446,0.062,19605.0,0.463759245091,0.536240754909,0.00132109155828,0.670798265749,0.0102014792145,0.243713338434,0.00290742157613,0.351407844584,0.648592155416
58,36906.0,11105,11105,0.085,0.482,0.194,0.665,15532.0,0.00200231779552,0.612,0.023,0.117,0.221,0.0,0.016,0.257790368272,0.742209631728,0.918,0.405,0.54,0.123,37194.0,0.499919341829,0.500080658171,0.000301123837178,0.760579663387,0.022664945959,0.12235844491,0.00314566865623,0.252367996775,0.747632003225
59,55748.0,10128,10128,0.083,0.794,0.063,0.689,31920.0,0.00100563909774,0.369,0.016,0.349,0.228,0.001,0.02,0.310213032581,0.689786967419,0.768,0.436,0.282,0.072,61927.0,0.432315468213,0.567684531787,0.000272901965217,0.812811859124,0.0507048621764,0.0939331793886,0.000419849177257,0.349402743409,0.650597256591
60,62800.0,10023,10023,0.08,0.812,0.069,0.664,32755.0,0.00136467714853,0.369,0.021,0.217,0.318,0.0,0.043,0.393802472905,0.606197527095,0.824,0.415,0.26,0.081,60586.0,0.465255999736,0.534744000264,0.000318555441851,0.822351698412,0.0310797874096,0.0963258838676,0.00199716106031,0.503545407234,0.496454592766
61,7060.0,11363,11363,0.081,0.49,0.221,0.592,2649.0,0.00222725556814,0.675,0.008,0.055,0.256,0.0,0.0,0.691204228011,0.308795771989,0.917,0.599,0.506,0.072,7662.0,0.507569825111,0.492430174889,0.00221874184286,0.604933437745,0.00822239624119,0.310884886453,0.00208822761681,0.354190919674,0.645809080326
62,47530.0,10028,10028,0.066,0.823,0.054,0.716,24941.0,0.00113066837737,0.415,0.021,0.241,0.284,0.001,0.021,0.327332504711,0.672667495289,0.85,0.471,0.196,0.05,46883.0,0.437173389075,0.562826610925,0.000394599321716,0.892455687563,0.0104302199091,0.0686389522855,0.00535375295949,0.397232675714,0.602767324286
63,58525.0,11354,11354,0.091,0.235,0.302,0.537,20006.0,0.00133459962011,0.701,0.019,0.058,0.205,0.0,0.01,0.388433469959,0.611566530041,0.832,0.5,0.789,0.21,56908.0,0.468018556266,0.531981443734,0.000316299992971,0.236205805862,0.0374464047234,0.607911014269,0.00300484993323,0.343029725004,0.656970274996
64,33944.0,11102,11102,0.091,0.419,0.208,0.655,14039.0,0.00163117031128,0.564,0.029,0.175,0.201,0.001,0.015,0.140038464278,0.859961535722,0.778,0.37,0.589,0.186,35271.0,0.500836381163,0.499163618837,0.000292024609453,0.583028550367,0.112472002495,0.125854101103,0.00739984689972,0.236979734147,0.763020265853
65,40591.0,11370,11370,0.091,0.204,0.327,0.425,8809.0,0.0023498694517,0.756,0.029,0.038,0.163,0.0,0.008,0.453854012941,0.546145987059,0.912,0.4,0.684,0.172,35507.0,0.594755963613,0.405244036387,0.000306981721914,0.386937786915,0.146083870786,0.201875686484,0.00690004787788,0.328811936488,0.671188063512
66,45299.0,10021,10021,0.062,0.799,0.065,0.684,23739.0,0.00165129112431,0.403,0.015,0.24,0.269,0.001,0.041,0.39213951725,0.60786048275,0.862,0.45,0.252,0.064,43573.0,0.453377091318,0.546622908682,0.000470474835334,0.835953457416,0.0168911940881,0.0955637665527,0.00133109953412,0.494305338202,0.505694661798
67,37743.0,11358,11358,0.073,0.352,0.261,0.57,13114.0,0.00186823242336,0.757,0.017,0.04,0.178,0.0,0.007,0.560774744548,0.439225255452,0.893,0.553,0.669,0.104,37486.0,0.491223390066,0.508776609934,0.000453502640986,0.461478952142,0.01432534813,0.426692631916,0.00357466787601,0.333294145309,0.666705854691
68,17707.0,11362,11362,0.1,0.49,0.195,0.605,7068.0,0.00514997170345,0.694,0.014,0.058,0.217,0.0,0.015,0.794142614601,0.205857385399,0.861,0.559,0.516,0.076,18139.0,0.460995644743,0.539004355257,0.00111362258118,0.514967749049,0.0271238767297,0.42483047577,0.000992336953526,0.374169829222,0.625830170778
69,11661.0,10044,10044,0.124,0.613,0.137,0.546,4622.0,0.0103634790134,0.281,0.004,0.665,0.031,0.0,0.008,0.122457810472,0.877542189528,0.486,0.368,0.581,0.113,11783.0,0.475770177374,0.524229822626,0.00158703216498,0.531358737164,0.143766443181,0.246456759739,0.0065348383264,0.220901348474,0.779098651526
70,38116.0,11369,11369,0.074,0.189,0.357,0.58,11482.0,0.00130639261453,0.773,0.018,0.028,0.172,0.0,0.003,0.474568890437,0.525431109563,0.918,0.391,0.76,0.173,39001.0,0.499192328402,0.500807671598,0.000282044050153,0.261018948232,0.165585497808,0.131176123689,0.00133329914618,0.305152065365,0.694847934635
71,38234.0,11103,11103,0.077,0.466,0.207,0.683,16607.0,0.00186668272415,0.628,0.026,0.062,0.258,0.001,0.015,0.149214186789,0.850785813211,0.909,0.389,0.585,0.153,39231.0,0.504549973235,0.495450026765,0.000280390507507,0.712523259667,0.0337998011776,0.157350054804,0.00377252682827,0.215539632781,0.784460367219
72,38665.0,11106,11106,0.111,0.445,0.204,0.635,17004.0,0.00163490943307,0.529,0.019,0.131,0.288,0.0,0.015,0.178957892261,0.821042107739,0.888,0.373,0.583,0.198,38812.0,0.490956405235,0.509043594765,0.000350407090591,0.570802844481,0.0699268267546,0.193909100278,0.00216427908894,0.251151842949,0.748848157051
73,109069.0,11368,11368,0.091,0.109,0.311,0.629,29095.0,0.000711462450593,0.616,0.016,0.112,0.243,0.001,0.005,0.21247637051,0.78752362949,0.796,0.382,0.86,0.239,112709.0,0.537623437348,0.462376562652,7.18664880356e-05,0.414101801986,0.130619560106,0.106699553718,0.0082247202974,0.259291849188,0.740708150812
74,90852.0,11377,11377,0.068,0.286,0.265,0.609,31455.0,0.00071530758226,0.765,0.027,0.046,0.142,0.0,0.009,0.289333969162,0.710666030838,0.909,0.438,0.774,0.159,90615.0,0.501429123214,0.498570876786,0.000126910555648,0.478971472714,0.026673288087,0.372940462396,0.00391767367434,0.245601024742,0.754398975258
75,82809.0,11355,11355,0.069,0.238,0.28,0.525,27354.0,0.000910287343716,0.722,0.022,0.048,0.193,0.0,0.005,0.317065145865,0.682934854135,0.785,0.548,0.857,0.215,82790.0,0.479961347989,0.520038652011,0.000182389177437,0.138796956154,0.028493779442,0.733180335789,0.00647421186134,0.294328664161,0.705671335839
76,26254.0,11101,11101,0.086,0.414,0.211,0.623,11772.0,0.00226809378186,0.61,0.01,0.159,0.193,0.0,0.013,0.170914033299,0.829085966701,0.752,0.344,0.534,0.219,25880.0,0.507032457496,0.492967542504,0.000378670788253,0.47457496136,0.160780525502,0.186244204019,0.0122102009274,0.333105179101,0.666894820899
77,33937.0,11364,11364,0.082,0.452,0.227,0.587,13205.0,0.00174933737221,0.711,0.023,0.037,0.214,0.0,0.01,0.726921620598,0.273078379402,0.943,0.564,0.607,0.081,34949.0,0.471715928925,0.528284071075,0.000489284385819,0.418924718876,0.0265243640734,0.497696643681,0.00380554522304,0.327726873353,0.672273126647
78,5503.0,10018,10018,0.036,0.726,0.097,0.77,4712.0,0.00971986417657,0.321,0.0,0.476,0.158,0.0,0.019,0.0957130730051,0.904286926995,0.369,0.209,0.439,0.149,9168.0,0.52585078534,0.47414921466,0.000359947643979,0.587587260035,0.0631544502618,0.274978184991,0.00632635253054,0.596254071661,0.403745928339
79,0.0,10020,10020,,,,,0.0,,,,,,,,,,,,,,0.0,,,,,,,inf,,
80,3533.0,11005,11005,0.404,0.466,0.2,0.154,1522.0,,0.417,0.0,0.406,0.124,0.0,0.037,0.9185282523,0.0814717477004,0.877,0.4,0.135,0.022,1947.0,0.356445814073,0.643554185927,0.0454545454545,0.982023626091,0.00924499229584,0.0,0.00564971751412,0.39552238806,0.60447761194
81,15918.0,10017,10017,0.058,0.823,0.05,0.781,10157.0,0.00625184601752,0.343,0.012,0.351,0.223,0.0,0.049,0.368218962292,0.631781037708,0.79,0.35,0.291,0.075,16472.0,0.461510441962,0.538489558038,0.00103205439534,0.735854783876,0.0249514327343,0.213756677999,0.000849927149102,0.645106761566,0.354893238434
82,22413.0,10001,10001,0.078,0.667,0.135,0.647,11639.0,0.00286966234213,0.304,0.009,0.373,0.246,0.0,0.027,0.271586906092,0.728413093908,0.671,0.299,0.405,0.204,23537.0,0.502485448443,0.497514551557,0.000501338318392,0.602455708034,0.121893189446,0.191995581425,0.00242171899562,0.624704025257,0.375295974743
83,50594.0,10011,10011,0.078,0.783,0.06,0.733,29762.0,0.00135743565621,0.433,0.021,0.203,0.291,0.0,0.024,0.345877293193,0.654122706807,0.83,0.325,0.257,0.085,52349.0,0.506504422243,0.493495577757,0.000269346119315,0.792221436895,0.037269097786,0.111749985673,0.0037823072074,0.665266240173,0.334733759827
84,54606.0,10016,10016,0.057,0.785,0.07,0.717,28390.0,0.00172948221205,0.407,0.018,0.336,0.178,0.0,0.029,0.303205353998,0.696794646002,0.737,0.314,0.303,0.099,50641.0,0.460555676231,0.539444323769,0.000250784937106,0.719496060504,0.0302521672163,0.177938824273,0.000612152208685,0.633306095767,0.366693904233
85,27127.0,11104,11104,0.076,0.42,0.229,0.661,11540.0,0.00254766031196,0.582,0.023,0.038,0.339,0.0,0.012,0.158145580589,0.841854419411,0.963,0.448,0.65,0.148,26718.0,0.486039374205,0.513960625795,0.000456621004566,0.65832023355,0.0130249270155,0.245340220076,0.00175911370612,0.213408678666,0.786591321334
86,2752.0,11109,11109,0.034,0.823,0.032,0.781,2560.0,0.02828125,0.418,0.012,0.501,0.011,0.0,0.012,0.1515625,0.8484375,0.004,0.492,0.435,0.093,4702.0,0.515525308379,0.484474691621,0.000723096554658,0.670565716716,0.051467460655,0.216078264568,0.00233943002977,0.429620172359,0.570379827641
87,29881.0,10010,10010,0.079,0.769,0.072,0.665,16050.0,0.00264174454829,0.405,0.011,0.343,0.149,0.0,0.057,0.254579439252,0.745420560748,0.786,0.273,0.248,0.147,31447.0,0.497630934588,0.502369065412,0.000375234521576,0.728241167679,0.0616275002385,0.161764238242,0.00718669507425,0.576248005471,0.423751994529
88,41773.0,11367,11367,0.079,0.387,0.261,0.554,14644.0,0.00207593553674,0.631,0.023,0.06,0.251,0.002,0.019,0.473572794318,0.526427205682,0.925,0.527,0.589,0.136,42667.0,0.4787071976,0.5212928024,0.000321091241475,0.573487707127,0.0948742587949,0.246537136429,0.00302341387958,0.310225303293,0.689774696707
89,31328.0,10014,10014,0.058,0.835,0.054,0.753,18786.0,0.00175130416267,0.429,0.024,0.176,0.325,0.0,0.024,0.313903971042,0.686096028958,0.916,0.277,0.181,0.058,30727.0,0.512969050021,0.487030949979,0.000426335144986,0.885540404205,0.0124320630065,0.0550655775051,0.00556513815211,0.664332719137,0.335667280863
90,55878.0,10003,10003,0.06,0.788,0.068,0.635,27487.0,0.00150980463492,0.434,0.017,0.228,0.258,0.0,0.043,0.298686651872,0.701313348128,0.906,0.255,0.236,0.103,57112.0,0.47602955596,0.52397044404,0.000180347387589,0.776351729934,0.0435985432133,0.135488163608,0.0021361535229,0.651241679467,0.348758320533
91,36315.0,11222,11222,0.063,0.559,0.174,0.714,16689.0,0.00223500509318,0.732,0.028,0.079,0.13,0.0,0.013,0.20552459704,0.79447540296,0.877,0.376,0.383,0.129,35163.0,0.483491169695,0.516508830305,0.000255950857435,0.833887893524,0.029235275716,0.0512186104712,0.00437960356056,0.239615091463,0.760384908537
92,81305.0,10002,10002,0.156,0.328,0.206,0.51,33348.0,0.000674703130623,0.444,0.015,0.213,0.272,0.0,0.032,0.135660309464,0.864339690536,0.889,0.37,0.635,0.302,80736.0,0.480752080856,0.519247919144,0.000221710265557,0.295605430044,0.0861078081649,0.432372175981,0.00232857709076,0.46361833804,0.53638166196
93,35473.0,11378,11378,0.076,0.265,0.357,0.593,12411.0,0.00189348158891,0.865,0.014,0.028,0.088,0.0,0.003,0.516719039562,0.483280960438,0.905,0.493,0.536,0.122,31756.0,0.480224209598,0.519775790402,0.000418818490994,0.775821891926,0.0184217155813,0.0953205693412,0.00236175840786,0.313090689725,0.686909310275
94,61455.0,10009,10009,0.125,0.581,0.133,0.613,29770.0,0.000621430970776,0.395,0.009,0.183,0.301,0.0,0.086,0.0684917702385,0.931508229762,0.875,0.259,0.41,0.228,60865.0,0.454694816397,0.545305183603,0.000236589172759,0.596319723979,0.0806867657931,0.150414852543,0.00305594348148,0.422287018256,0.577712981744
95,24276.0,10012,10012,0.072,0.796,0.074,0.687,12470.0,0.00327987169206,0.44,0.015,0.192,0.287,0.0,0.042,0.166238973536,0.833761026464,0.91,0.303,0.294,0.104,24163.0,0.519347763109,0.480652236891,0.000521458428175,0.747382361462,0.0265695484832,0.156189214915,0.00302114803625,0.684761096975,0.315238903025
96,27985.0,10013,10013,0.07,0.605,0.098,0.622,11558.0,0.00330507008133,0.461,0.017,0.236,0.232,0.0,0.029,0.287852569649,0.712147430351,0.795,0.431,0.399,0.124,27415.0,0.496990698523,0.503009301477,0.000521612256064,0.549553164326,0.0469451030458,0.3385372971,0.00156848440635,0.59656844461,0.40343155539
97,7323.0,10007,10007,0.029,0.803,0.066,0.687,2781.0,0.00970873786408,0.423,0.018,0.391,0.104,0.0,0.05,0.379359942467,0.620640057533,0.394,0.502,0.252,0.032,6876.0,0.573589296102,0.426410703898,0.000523560209424,0.711896451425,0.0564281559046,0.153723094823,0.00232693426411,0.614859328052,0.385140671948
98,49335.0,11237,11237,0.067,0.213,0.205,0.625,16582.0,0.00126643348209,0.791,0.014,0.054,0.124,0.0,0.009,0.0922687251236,0.907731274876,0.894,0.301,0.699,0.305,54182.0,0.517994906057,0.482005093943,0.000107046620649,0.499944631058,0.165590048356,0.0788453730021,0.00289764128308,0.220206443541,0.779793556459
99,98436.0,11385,11385,0.062,0.222,0.345,0.602,34937.0,0.000695537682114,0.855,0.019,0.03,0.087,0.0,0.005,0.307410481724,0.692589518276,0.931,0.446,0.557,0.156,102209.0,0.490680859807,0.509319140193,9.97955170288e-05,0.828263655842,0.0213190619221,0.0669608351515,0.00310148812727,0.177579763086,0.822420236914
100,19127.0,10038,10038,0.119,0.623,0.115,0.607,9780.0,0.00343558282209,0.424,0.002,0.357,0.123,0.0,0.051,0.258793456033,0.741206543967,0.788,0.33,0.438,0.19,21464.0,0.467014535967,0.532985464033,0.000666231830041,0.507780469624,0.0694651509504,0.316576593366,0.0231550503168,0.622543083372,0.377456916628
101,83575.0,11206,11206,0.134,0.222,0.265,0.539,29525.0,0.000514817950889,0.724,0.014,0.104,0.12,0.0,0.015,0.108619813717,0.891380186283,0.74,0.298,0.583,0.369,84806.0,0.486097681768,0.513902318232,0.00011437869962,0.463717189821,0.256856826168,0.0579675966323,0.00874938094003,0.295518120221,0.704481879779
102,3011.0,10006,10006,0.0,0.858,0.039,0.87,1745.0,0.0412034383954,0.283,0.0,0.61,0.067,0.0,0.003,0.0928366762178,0.907163323782,0.863,0.305,0.252,0.08,3110.0,0.446945337621,0.553054662379,0.0,0.719292604502,0.0273311897106,0.17652733119,0.00353697749196,0.557971014493,0.442028985507
103,35019.0,11412,11412,0.109,0.222,0.32,0.608,10871.0,0.00140741422132,0.797,0.01,0.028,0.153,0.001,0.01,0.738846472266,0.261153527734,0.942,0.34,0.144,0.091,37832.0,0.445390145908,0.554609854092,0.000362127299641,0.0188464791711,0.888877141045,0.0247938253331,0.00224677521675,0.23860978055,0.76139021945
104,8107.0,10005,10005,0.01,0.882,0.026,0.84,4252.0,0.0107243650047,0.197,0.004,0.758,0.011,0.0,0.011,0.155691439323,0.844308560677,0.722,0.326,0.228,0.106,8131.0,0.480137744435,0.519862255565,0.000135284712827,0.753412864346,0.0295166646169,0.175993112778,0.00196777764113,0.56954887218,0.43045112782
105,74.0,11251,11251,,,,,,,,,,,,,,,,,,,,,,,,,,,,
106,2187.0,10004,10004,0.022,0.86,0.031,0.793,1574.0,0.0147395171537,0.142,0.028,0.597,0.128,0.0,0.041,0.309402795426,0.690597204574,0.773,0.411,0.191,0.068,3221.0,0.474076373797,0.525923626203,0.00167649798199,0.705991927973,0.00714063955293,0.265755976405,0.00341508848184,0.653866113129,0.346133886871
107,18216.0,11411,11411,0.096,0.313,0.29,0.588,6022.0,0.00192627034208,0.79,0.011,0.024,0.169,0.003,0.002,0.8365991365,0.1634008635,0.987,0.403,0.193,0.039,19208.0,0.438723448563,0.561276551437,0.00103082049146,0.0309246147439,0.912796751354,0.00832986255727,0.00374843815077,0.253669222344,0.746330777656
108,53041.0,11201,11201,0.088,0.693,0.108,0.653,25664.0,0.0018391521197,0.562,0.018,0.214,0.172,0.0,0.016,0.365336658354,0.634663341646,0.774,0.426,0.271,0.149,58350.0,0.4935218509,0.5064781491,0.000197086546701,0.646032562125,0.135492716367,0.103427592117,0.00368466152528,0.365163601947,0.634836398053
110,41125.0,11205,11205,0.086,0.426,0.216,0.586,15198.0,0.00175023029346,0.745,0.014,0.08,0.131,0.001,0.011,0.206540334255,0.793459665745,0.824,0.344,0.424,0.351,43224.0,0.465967980751,0.534032019249,0.000168887655006,0.474412363502,0.319752915047,0.0735933740515,0.00231352952064,0.301988424732,0.698011575268
111,94410.0,11208,11208,0.084,0.132,0.456,0.511,29806.0,0.000580420049654,0.853,0.012,0.057,0.062,0.0,0.004,0.246695296249,0.753304703751,0.799,0.335,0.492,0.304,93847.0,0.464681875819,0.535318124181,8.31140047098e-05,0.266092682771,0.543213954628,0.0543544279519,0.00379340842009,0.144436488615,0.855563511385
112,93556.0,11207,11207,0.119,0.136,0.348,0.508,32005.0,0.000493672863615,0.831,0.012,0.062,0.076,0.0,0.007,0.233650992032,0.766349007968,0.788,0.275,0.342,0.317,94657.0,0.448397899786,0.551602100214,0.000100362360945,0.130481633688,0.651172126731,0.0132689605629,0.00529279398248,0.205857093782,0.794142906218
115,39349.0,11413,11413,0.101,0.265,0.271,0.608,12339.0,0.00110219628819,0.832,0.01,0.04,0.112,0.002,0.003,0.730691303995,0.269308696005,0.884,0.365,0.146,0.073,42560.0,0.454135338346,0.545864661654,0.000328947368421,0.0281015037594,0.911066729323,0.0131109022556,0.00220864661654,0.214620002035,0.785379997965
116,36615.0,11217,11217,0.107,0.648,0.109,0.683,16797.0,0.00241709829136,0.629,0.025,0.129,0.179,0.0,0.012,0.296064773471,0.703935226529,0.854,0.378,0.292,0.129,38511.0,0.469190620862,0.530809379138,0.000277842694295,0.568071460102,0.183168445379,0.0708628703487,0.00285632676378,0.296691781847,0.703308218153
117,46664.0,11238,11238,0.078,0.575,0.148,0.668,23310.0,0.0015873015873,0.714,0.029,0.075,0.16,0.0,0.011,0.286014586015,0.713985413985,0.884,0.296,0.224,0.141,52999.0,0.474914621031,0.525085378969,0.000216985226136,0.41017755052,0.426762769109,0.0688503556671,0.00243400818883,0.236236236236,0.763763763764
118,33144.0,11231,11231,0.111,0.601,0.145,0.667,15265.0,0.00255486406813,0.699,0.019,0.122,0.129,0.0,0.011,0.268195217819,0.731804782181,0.871,0.426,0.297,0.161,35263.0,0.471287184868,0.528712815132,0.000272240024955,0.661514902306,0.129597595213,0.0514420213822,0.00462240875705,0.271133093525,0.728866906475
119,30139.0,11422,11422,0.07,0.298,0.274,0.65,9620.0,0.00163201663202,0.862,0.01,0.023,0.1,0.0,0.002,0.655093555094,0.344906444906,0.881,0.374,0.273,0.086,33245.0,0.449571364115,0.550428635885,0.000318844939089,0.0770942998947,0.855737704918,0.0231012182283,0.00162430440668,0.282577684054,0.717422315946
120,44538.0,11420,11420,0.096,0.176,0.328,0.579,13474.0,0.00127653258127,0.831,0.018,0.02,0.123,0.002,0.005,0.664019593291,0.335980406709,0.912,0.456,0.315,0.131,50820.0,0.474891774892,0.525108225108,0.000210547028729,0.161117670209,0.257516725699,0.232998819362,0.0165682802046,0.255918134305,0.744081865695
121,28562.0,11417,11417,0.116,0.217,0.329,0.577,9450.0,0.00235978835979,0.82,0.019,0.036,0.112,0.0,0.009,0.566984126984,0.433015873016,0.915,0.49,0.52,0.163,32415.0,0.490914699985,0.509085300015,0.000323924109209,0.380441153787,0.0723430510566,0.281628875521,0.00333179083758,0.280254327093,0.719745672907
122,63272.0,11215,11215,0.064,0.729,0.078,0.741,29182.0,0.00133301350147,0.696,0.024,0.076,0.18,0.0,0.013,0.375813857858,0.624186142142,0.88,0.462,0.263,0.08,70818.0,0.487926798272,0.512073201728,0.00012849840436,0.753071253071,0.0469513400548,0.0783981473637,0.00216046767771,0.227519582245,0.772480417755
124,29521.0,11232,11232,0.088,0.227,0.236,0.583,8784.0,0.00249316939891,0.665,0.025,0.094,0.2,0.0,0.006,0.229280510018,0.770719489982,0.892,0.41,0.742,0.281,29216.0,0.535288882804,0.464711117196,0.000253285870756,0.363773274918,0.051102135816,0.172405531216,0.0137938116101,0.266552821548,0.733447178452
125,16.0,11430,11430,0.263,0.086,0.42,0.441,0.0,,,,,,,,,,,0.048,0.301,0.833,186.0,0.865591397849,0.134408602151,0.0172043010753,0.0860215053763,0.688172043011,0.0,0.0591397849462,0.378048780488,0.621951219512
126,78060.0,11203,11203,0.098,0.206,0.355,0.543,27447.0,0.000743250628484,0.869,0.013,0.029,0.082,0.0,0.005,0.393849965388,0.606150034612,0.918,0.328,0.198,0.178,75887.0,0.440049020254,0.559950979746,0.000214793047558,0.0412587136137,0.899179042524,0.0149959808663,0.00179213831091,0.206431148153,0.793568851847
127,12562.0,11239,11239,0.239,0.219,0.29,0.398,6362.0,0.00342659541025,0.686,0.005,0.143,0.047,0.0,0.059,0.0273498899717,0.972650110028,0.864,0.239,0.379,0.332,12924.0,0.401036830703,0.598963169297,0.00198081089446,0.326292169607,0.551918910554,0.0291705354379,0.0119931909626,0.185567010309,0.814432989691
128,94480.0,11236,11236,0.094,0.253,0.294,0.597,32442.0,0.000483940570865,0.899,0.013,0.03,0.049,0.0,0.004,0.480519080205,0.519480919795,0.935,0.366,0.267,0.15,98276.0,0.443658675567,0.556341324433,0.000117017379625,0.0567992185274,0.860505108063,0.0274939964997,0.0068277097155,0.219299205533,0.780700794467
129,97257.0,11220,11220,0.08,0.182,0.211,0.574,29399.0,0.000758529201674,0.804,0.018,0.062,0.102,0.0,0.006,0.230416000544,0.769583999456,0.904,0.483,0.832,0.33,102325.0,0.511839726362,0.488160273638,8.79550451991e-05,0.267989249939,0.0237576349866,0.412118250672,0.00719276814073,0.260416666667,0.739583333333
130,40438.0,10301,10301,0.098,0.334,0.265,0.521,14063.0,0.00143639337268,0.757,0.016,0.045,0.161,0.0,0.004,0.444570859703,0.555429140297,0.869,0.403,0.284,0.219,39209.0,0.499630186947,0.500369813053,0.000316253921294,0.560840623326,0.280675355148,0.0544772883777,0.00196383483384,0.370085915126,0.629914084874
131,27048.0,10303,10303,0.096,0.235,0.311,0.505,8029.0,0.0027400672562,0.862,0.02,0.047,0.064,0.0,0.001,0.579275127662,0.420724872338,0.572,0.435,0.418,0.255,23933.0,0.473697405256,0.526302594744,0.000376049805708,0.371620774663,0.39430911294,0.0891655872644,0.00451259766849,0.361828370509,0.638171629491
132,85853.0,11234,11234,0.085,0.323,0.293,0.577,32185.0,0.000537517477086,0.885,0.014,0.022,0.074,0.0,0.003,0.662668945161,0.337331054839,0.909,0.459,0.333,0.092,95912.0,0.469399032446,0.530600967554,0.000153265493369,0.422178663775,0.476603553257,0.0536846275753,0.000667278338477,0.303103295059,0.696896704941
133,18123.0,10302,10302,0.09,0.202,0.365,0.542,6017.0,0.00320757852751,0.813,0.016,0.042,0.12,0.0,0.004,0.576366960279,0.423633039721,0.827,0.431,0.424,0.238,18286.0,0.50109373291,0.49890626709,0.000519523132451,0.60122498086,0.207153013234,0.0745925844909,0.00470305151482,0.460402133771,0.539597866229
134,11052.0,11693,11693,0.194,0.243,0.317,0.541,4512.0,0.00487588652482,0.518,0.029,0.085,0.351,0.002,0.01,0.474512411348,0.525487588652,0.814,0.348,0.342,0.199,11194.0,0.480793282115,0.519206717885,0.00112560300161,0.562712167232,0.273003394676,0.0620868322316,0.00160800428801,0.258153911746,0.741846088254
135,69255.0,11209,11209,0.103,0.469,0.204,0.588,30483.0,0.00094478889873,0.652,0.02,0.085,0.214,0.001,0.014,0.351212151035,0.648787848965,0.924,0.476,0.495,0.143,70803.0,0.472875443131,0.527124556869,0.000213267799387,0.762227589226,0.0195330706326,0.124288518848,0.00247164668164,0.297350343474,0.702649656526
136,41502.0,10304,10304,0.1,0.294,0.302,0.542,14564.0,0.00106426805823,0.838,0.01,0.045,0.089,0.005,0.004,0.531104092282,0.468895907718,0.681,0.43,0.389,0.194,42244.0,0.466598806931,0.533401193069,0.000305368809772,0.51470031247,0.2624988164,0.0909714989111,0.00847457627119,0.354762327591,0.645237672409
137,85430.0,10314,10314,0.101,0.31,0.321,0.566,31294.0,0.000709401163162,0.904,0.008,0.04,0.042,0.0,0.002,0.733878698792,0.266121301208,0.633,0.539,0.307,0.086,87600.0,0.479166666667,0.520833333333,0.000189497716895,0.77296803653,0.0467579908676,0.137203196347,0.000867579908676,0.417209742135,0.582790257865
138,43080.0,11228,11228,0.097,0.314,0.282,0.545,15285.0,0.00157016683023,0.854,0.02,0.034,0.081,0.001,0.004,0.567222767419,0.432777232581,0.925,0.559,0.574,0.127,47190.0,0.485441830896,0.514558169104,0.000330578512397,0.610870947235,0.0123755032846,0.324708624709,0.00277601186692,0.290623889538,0.709376110462
139,147.0,11096,11096,0.092,0.158,0.322,0.582,2507.0,0.00945353011568,0.597,0.014,0.106,0.278,0.0,0.0,0.461507778221,0.538492221779,0.859,0.446,0.484,0.177,8331.0,0.484455647581,0.515544352419,0.00150042011763,0.286640259273,0.270435722002,0.0568959308606,0.00192053775057,0.485674157303,0.514325842697
140,41746.0,10305,10305,0.114,0.325,0.313,0.546,14931.0,0.00133279753533,0.88,0.017,0.04,0.047,0.002,0.009,0.657223226843,0.342776773157,0.615,0.528,0.476,0.123,41795.0,0.481301591099,0.518698408901,0.000346931451131,0.764397655222,0.0477090561072,0.124512501495,0.0102165330781,0.375028389734,0.624971610266
141,79608.0,11229,11229,0.11,0.369,0.284,0.54,30764.0,0.000776882069952,0.807,0.019,0.03,0.113,0.001,0.014,0.465251592771,0.534748407229,0.941,0.53,0.531,0.16,81732.0,0.47720599031,0.52279400969,0.000200655801889,0.689693143444,0.0490994959135,0.209881074732,0.00185973670044,0.277486448268,0.722513551732
142,89061.0,11214,11214,0.11,0.284,0.282,0.54,31512.0,0.000714013709063,0.804,0.02,0.033,0.114,0.0,0.011,0.329144452907,0.670855547093,0.884,0.515,0.71,0.193,91295.0,0.492447560107,0.507552439893,0.000168683936689,0.526063858919,0.0119064570897,0.365485513993,0.00106248973109,0.234207189255,0.765792810745
143,60267.0,11691,11691,0.161,0.216,0.268,0.53,19607.0,0.0011883510991,0.7,0.026,0.068,0.184,0.003,0.008,0.24690161677,0.75309838323,0.785,0.355,0.368,0.233,63989.0,0.461423057088,0.538576942912,0.000192220537905,0.389863882855,0.466908374877,0.0336776633484,0.00307865414368,0.345861450414,0.654138549586
145,79864.0,11223,11223,0.107,0.28,0.298,0.528,27532.0,0.000846287955833,0.806,0.019,0.048,0.109,0.001,0.006,0.359872148772,0.640127851228,0.93,0.519,0.64,0.194,79385.0,0.476185677395,0.523814322605,0.000188952572904,0.636316684512,0.043786609561,0.240347672734,0.00478679851357,0.270465795152,0.729534204848
147,18018.0,11692,11692,0.175,0.2,0.269,0.493,6249.0,0.00302448391743,0.713,0.037,0.089,0.134,0.0,0.011,0.349335893743,0.650664106257,0.737,0.318,0.337,0.215,18955.0,0.479187549459,0.520812450541,0.000590873120549,0.285887628594,0.581482458454,0.0394091268795,0.00580321814825,0.207996472145,0.792003527855
148,76130.0,11235,11235,0.162,0.444,0.239,0.519,32065.0,0.000817090285358,0.772,0.021,0.051,0.12,0.0,0.018,0.404771557773,0.595228442227,0.889,0.52,0.757,0.211,76668.0,0.472778734283,0.527221265717,0.000279125580425,0.794699222622,0.0296733969844,0.134280273387,0.00397819168362,0.302368404343,0.697631595657
150,55602.0,10306,10306,0.119,0.308,0.331,0.557,20215.0,0.00105367301509,0.86,0.012,0.042,0.077,0.0,0.005,0.713480089043,0.286519910957,0.705,0.539,0.298,0.081,54939.0,0.479604652433,0.520395347567,0.000289411893191,0.886510493456,0.0220426290977,0.0606854875407,0.000837292269608,0.364957792876,0.635042207124
151,20163.0,11694,11694,0.179,0.384,0.195,0.519,7956.0,0.0022498743087,0.729,0.036,0.046,0.169,0.003,0.008,0.504022121669,0.495977878331,0.873,0.468,0.223,0.059,20773.0,0.50151639147,0.49848360853,0.000977230058249,0.818562557166,0.0780821258364,0.0366822317431,0.00216627352814,0.248321342926,0.751678657074
152,49600.0,11224,11224,0.229,0.319,0.263,0.433,18064.0,0.0011071744907,0.656,0.011,0.117,0.133,0.001,0.032,0.284100974314,0.715899025686,0.878,0.381,0.595,0.283,43001.0,0.43761772982,0.56238227018,0.000565103137136,0.603869677449,0.222832027162,0.0727424943606,0.00653473175042,0.309988595962,0.690011404038
153,27612.0,10308,10308,0.107,0.292,0.37,0.559,10675.0,0.00212646370023,0.903,0.019,0.037,0.04,0.0,0.0,0.835784543326,0.164215456674,0.689,0.543,0.208,0.073,29766.0,0.489182288517,0.510817711483,0.000540885574145,0.946952899281,0.00181415037291,0.034435261708,0.0030907747094,0.385752488486,0.614247511514
154,4079.0,11697,11697,0.144,0.488,0.245,0.553,1520.0,0.00960526315789,0.922,0.0,0.063,0.015,0.0,0.0,0.966447368421,0.0335526315789,0.618,0.534,0.024,0.035,4006.0,0.507988017973,0.492011982027,0.00506739890165,0.989016475287,0.000748876684973,0.0,0.00274588117823,0.330609679447,0.669390320553
155,58506.0,10312,10312,0.085,0.338,0.334,0.561,21530.0,0.000938225731537,0.943,0.011,0.024,0.019,0.0,0.003,0.836878773804,0.163121226196,0.53,0.576,0.2,0.065,62032.0,0.484556358009,0.515443641991,0.000264379675006,0.916285143152,0.0115101882899,0.0548910239876,0.00161207118906,0.356008654516,0.643991345484
156,33114.0,10309,10309,0.077,0.318,0.319,0.568,11052.0,0.00142055736518,0.946,0.004,0.016,0.033,0.0,0.001,0.791349981904,0.208650018096,0.223,0.56,0.23,0.095,33185.0,0.505318668073,0.494681331927,0.000334488473708,0.911164682839,0.0189844809402,0.0473406659635,0.00229019135151,0.368775609417,0.631224390583
157,14096.0,10307,10307,0.078,0.332,0.295,0.571,5110.0,0.00450097847358,0.885,0.02,0.021,0.072,0.0,0.003,0.776320939335,0.223679060665,0.376,0.549,0.145,0.063,15098.0,0.469664856272,0.530335143728,0.000774937077759,0.931447873891,0.00172208239502,0.0413962114187,0.00317922903696,0.36078125,0.63921875
158,3170.0,10280,10280,0.026,0.863,0.019,0.809,4588.0,0.00745422842197,0.263,0.0,0.597,0.116,0.0,0.022,0.243025283348,0.756974716652,0.133,0.51,0.354,0.046,9552.0,0.482621440536,0.517378559464,0.000795644891122,0.728852596315,0.018634840871,0.192629815745,0.00167504187605,0.485771342986,0.514228657014
159,66636.0,11372,11372,0.077,0.299,0.259,0.616,24793.0,0.00117775178478,0.676,0.019,0.03,0.247,0.002,0.012,0.297583995483,0.702416004517,0.956,0.373,0.814,0.183,64754.0,0.500602279396,0.499397720604,0.000210025635482,0.608441177379,0.0271643450598,0.198736757575,0.00463291842975,0.242938725112,0.757061274888
160,11776.0,11004,11004,0.11,0.397,0.294,0.567,4862.0,0.00456602221308,0.631,0.015,0.041,0.292,0.0,0.015,0.768202385849,0.231797614151,0.946,0.489,0.421,0.076,13778.0,0.455436202642,0.544563797358,0.00134272027871,0.498330672086,0.0778051966904,0.352663666715,0.00457250689505,0.430187509685,0.569812490315
161,2349.0,11040,11040,0.091,0.453,0.237,0.598,12945.0,0.00136732329085,0.682,0.012,0.03,0.27,0.0,0.006,0.89370413287,0.10629586713,0.943,0.595,0.466,0.032,41434.0,0.483129796785,0.516870203215,0.00044649321813,0.554279094463,0.0106434329295,0.361514698074,0.0024376116233,0.431904420059,0.568095579941
162,20050.0,11426,11426,0.089,0.358,0.307,0.596,6191.0,0.00408657728961,0.706,0.011,0.029,0.241,0.0,0.013,0.758681957681,0.241318042319,0.947,0.592,0.561,0.098,19842.0,0.49425461143,0.50574538857,0.000740852736619,0.466233242617,0.0286261465578,0.418254208245,0.000907166616269,0.421238158185,0.578761841815
163,40528.0,11365,11365,0.088,0.355,0.247,0.548,15764.0,0.00152879979701,0.648,0.029,0.11,0.2,0.0,0.01,0.472215173814,0.527784826186,0.868,0.558,0.634,0.14,45041.0,0.472303012811,0.527696987189,0.000328589507338,0.347683221953,0.0665615772296,0.447059345929,0.00388534890433,0.320569517851,0.679430482149
164,3944.0,11001,11001,0.092,0.445,0.242,0.63,9131.0,0.00245318146972,0.699,0.011,0.025,0.259,0.001,0.004,0.799255284197,0.200744715803,0.966,0.57,0.262,0.031,27551.0,0.488693695329,0.511306304671,0.000562593009328,0.71373089906,0.0542630031578,0.155892708069,0.0026859279155,0.42482821113,0.57517178887
165,68555.0,11375,11375,0.106,0.579,0.163,0.613,32272.0,0.00114960337134,0.515,0.021,0.085,0.348,0.0,0.015,0.498016856718,0.501983143282,0.941,0.523,0.563,0.085,70723.0,0.473212392008,0.526787607992,0.000264411860357,0.627575187704,0.0341473070995,0.264369441342,0.0044539965782,0.22886585762,0.77113414238
166,21942.0,11427,11427,0.098,0.319,0.292,0.553,7739.0,0.00317870525908,0.77,0.012,0.02,0.185,0.0,0.006,0.582116552526,0.417883447474,0.938,0.512,0.486,0.087,23568.0,0.472886965377,0.527113034623,0.000623727087576,0.275882552614,0.256958587916,0.31877970129,0.00437033265445,0.319502868069,0.680497131931
167,42755.0,11374,11374,0.122,0.48,0.201,0.583,19483.0,0.00159113072935,0.713,0.02,0.049,0.189,0.0,0.016,0.349843453267,0.650156546733,0.924,0.485,0.683,0.15,43399.0,0.476992557432,0.523007442568,0.000428581303717,0.596718818406,0.0335030761077,0.272310421899,0.00235028456877,0.240945035634,0.759054964366
168,13168.0,11366,11366,0.084,0.478,0.214,0.563,4191.0,0.00496301598664,0.756,0.026,0.038,0.178,0.0,0.002,0.716774039609,0.283225960391,0.91,0.559,0.639,0.133,13192.0,0.473620375985,0.526379624015,0.00114463311098,0.458383869012,0.0556397816859,0.43609763493,0.0013644633111,0.359879922303,0.640120077697
169,30243.0,11423,11423,0.114,0.269,0.27,0.59,9793.0,0.00217502297559,0.795,0.006,0.047,0.14,0.0,0.007,0.59654855509,0.40345144491,0.907,0.455,0.365,0.099,31982.0,0.481520855481,0.518479144519,0.000443999749859,0.158120192608,0.37267838159,0.262460133825,0.0212932274404,0.275107411386,0.724892588614
170,18818.0,11428,11428,0.079,0.2,0.354,0.578,5620.0,0.00284697508897,0.801,0.012,0.023,0.162,0.0,0.002,0.655338078292,0.344661921708,0.958,0.532,0.475,0.124,19744.0,0.48181726094,0.51818273906,0.00061790923825,0.222194084279,0.184410453809,0.295836709887,0.00744529983793,0.294929361516,0.705070638484
171,62075.0,11432,11432,0.082,0.347,0.22,0.549,18362.0,0.0012798170134,0.753,0.017,0.059,0.149,0.0,0.014,0.361017318375,0.638982681625,0.868,0.451,0.678,0.199,63533.0,0.475091684636,0.524908315364,0.000204618072498,0.225803912927,0.154880141029,0.417924543151,0.00580800528859,0.255213908678,0.744786091322
172,35428.0,11379,11379,0.091,0.314,0.312,0.563,13528.0,0.00164843287995,0.855,0.019,0.036,0.081,0.0,0.003,0.593583678297,0.406416321703,0.918,0.52,0.424,0.098,35476.0,0.472347502537,0.527652497463,0.000527116924118,0.84485285827,0.0146296087496,0.0804205660165,0.000845642124253,0.293786018542,0.706213981458
173,25116.0,11429,11429,0.104,0.202,0.327,0.563,7318.0,0.001516807871,0.802,0.019,0.028,0.149,0.002,0.001,0.708800218639,0.291199781361,0.952,0.365,0.344,0.117,26362.0,0.482664441241,0.517335558759,0.0004893407177,0.0466580684318,0.798573704575,0.0298915105075,0.00462787345421,0.206078514141,0.793921485859
174,53404.0,11435,11435,0.1,0.281,0.261,0.59,18486.0,0.00139565076274,0.781,0.025,0.046,0.128,0.002,0.008,0.34793898085,0.65206101915,0.856,0.446,0.548,0.186,55323.0,0.497514596099,0.502485403901,0.000193409612639,0.21965547783,0.230537027999,0.22240297887,0.00262097138622,0.203384506655,0.796615493345
175,18990.0,11415,11415,0.085,0.462,0.182,0.656,8250.0,0.00410909090909,0.468,0.019,0.059,0.432,0.0,0.013,0.369212121212,0.630787878788,0.927,0.465,0.538,0.104,19403.0,0.460856568572,0.539143431428,0.000742153275267,0.605834149358,0.07648301809,0.183116012988,0.00273153636036,0.249190600522,0.750809399478
176,36607.0,11418,11418,0.099,0.257,0.276,0.579,11371.0,0.00167091724562,0.766,0.015,0.023,0.182,0.004,0.004,0.421598803975,0.578401196025,0.942,0.489,0.606,0.165,39308.0,0.491248600794,0.508751399206,0.000244225094128,0.359774091788,0.0813574844815,0.256487229063,0.00839523761066,0.244106644499,0.755893355501
177,33679.0,11433,11433,0.11,0.167,0.332,0.529,10394.0,0.00102944006157,0.769,0.009,0.085,0.131,0.0,0.003,0.421396959784,0.578603040216,0.732,0.316,0.249,0.218,34111.0,0.46477675823,0.53522324177,0.000331271437366,0.0367623347307,0.698425727771,0.0622966198587,0.00630295212688,0.241959836932,0.758040163068
178,0.0,11451,11451,,,,,0.0,,,,,,,,,,,,,,0.0,,,,,,,inf,,
179,80232.0,11221,11221,0.085,0.221,0.273,0.544,28918.0,0.000663946331005,0.787,0.012,0.055,0.13,0.001,0.007,0.203091500104,0.796908499896,0.812,0.255,0.379,0.271,83372.0,0.474187976779,0.525812023221,0.000107949911241,0.302679556686,0.56462601353,0.0286786930864,0.00758048265605,0.18752939793,0.81247060207
180,39014.0,11421,11421,0.103,0.216,0.298,0.598,12228.0,0.00161923454367,0.81,0.024,0.022,0.135,0.0,0.003,0.555446516192,0.444553483808,0.928,0.466,0.66,0.144,43024.0,0.491748791372,0.508251208628,0.00023475269617,0.483334882856,0.0546439196727,0.190614540721,0.00692636667906,0.185058817538,0.814941182462
181,47054.0,11419,11419,0.076,0.178,0.363,0.586,12357.0,0.00141620134337,0.842,0.017,0.027,0.11,0.0,0.003,0.553451484988,0.446548515012,0.907,0.492,0.379,0.172,49306.0,0.499716058897,0.500283941103,0.000186589867359,0.110392244352,0.184561716627,0.292094268446,0.00934977487527,0.219421985206,0.780578014794
182,57989.0,11434,11434,0.121,0.221,0.317,0.579,20731.0,0.00104191790073,0.743,0.013,0.118,0.091,0.0,0.015,0.493270946891,0.506729053109,0.841,0.316,0.128,0.125,65892.0,0.434802403934,0.565197596066,0.000198810174224,0.0281065986766,0.890699933224,0.0133703636253,0.000409761427791,0.255774259152,0.744225740848
183,53862.0,11216,11216,0.106,0.391,0.224,0.617,23048.0,0.00116712946893,0.728,0.012,0.078,0.167,0.0,0.008,0.204703228046,0.795296771954,0.899,0.244,0.193,0.208,53747.0,0.473552012205,0.526447987795,0.000189778034123,0.204513740302,0.681768284741,0.0385882002716,0.00772136119225,0.215897976074,0.784102023926
184,25423.0,11416,11416,0.108,0.22,0.309,0.584,7134.0,0.00239697224558,0.846,0.022,0.032,0.086,0.0,0.009,0.420100925147,0.579899074853,0.892,0.471,0.609,0.176,26625.0,0.490779342723,0.509220657277,0.000292957746479,0.265051643192,0.0648638497653,0.349521126761,0.00135211267606,0.20211147893,0.79788852107
185,66737.0,11233,11233,0.111,0.19,0.32,0.52,26987.0,0.000652165857635,0.808,0.013,0.056,0.105,0.0,0.006,0.226775855041,0.773224144959,0.795,0.245,0.194,0.315,71589.0,0.44276355306,0.55723644694,0.000143876852589,0.0593387252231,0.814510609172,0.0133819441534,0.00195560770509,0.224929847881,0.775070152119
186,12.0,10055,10055,,,,,,,,,,,,,,,,,,,,,,,,,,,,
187,41966.0,10019,10019,0.094,0.714,0.095,0.694,23146.0,0.00174112157608,0.337,0.012,0.316,0.292,0.001,0.023,0.183530631643,0.816469368357,0.674,0.302,0.345,0.12,38830.0,0.494514550605,0.505485449395,0.000399175894927,0.714396085501,0.0559876384239,0.152356425444,0.00399175894927,0.584231103388,0.415768896612
188,0.0,10111,10111,,,,,0.0,,,,,,,,,,,,,,0.0,,,,,,,inf,,
189,0.0,10153,10153,,,,,0.0,,,,,,,,,,,,,,0.0,,,,,,,inf,,
190,0.0,10154,10154,,,,,0.0,,,,,,,,,,,,,,0.0,,,,,,,inf,,
191,0.0,10152,10152,,,,,0.0,,,,,,,,,,,,,,0.0,,,,,,,inf,,
192,0.0,10115,10115,,,,,0.0,,,,,,,,,,,,,,0.0,,,,,,,inf,,
193,33135.0,10022,10022,0.087,0.811,0.045,0.673,17892.0,0.00337581041806,0.39,0.023,0.24,0.262,0.0,0.055,0.485915492958,0.514084507042,0.878,0.435,0.232,0.051,30607.0,0.44058548698,0.55941451302,0.000882151141896,0.856242036136,0.0189499134185,0.101055314144,0.00251576436763,0.602017205577,0.397982794423
195,33459.0,10065,10065,0.072,0.825,0.066,0.698,16742.0,0.0031776370804,0.435,0.01,0.275,0.213,0.0,0.038,0.342491936447,0.657508063553,0.883,0.463,0.249,0.058,30237.0,0.439329298542,0.560670701458,0.000677977312564,0.864536825743,0.0302940106492,0.0824155835566,0.00165360320138,0.636175647731,0.363824352269
196,25203.0,10075,10075,0.076,0.807,0.054,0.683,14145.0,0.00292682926829,0.434,0.022,0.205,0.262,0.004,0.028,0.431742665253,0.568257334747,0.897,0.473,0.214,0.078,25756.0,0.415708961019,0.584291038981,0.000877465444945,0.895907749651,0.013394937102,0.0455427861469,0.0021354247554,0.395460558379,0.604539441621
197,5850.0,10069,10069,0.022,0.898,0.035,0.774,2850.0,0.0122807017544,0.307,0.013,0.578,0.061,0.0,0.014,0.245964912281,0.754035087719,0.042,0.5,0.316,0.079,5526.0,0.475931958017,0.524068041983,0.0009591024249,0.768186753529,0.0161056822295,0.176257690916,0.00289540354687,0.379082914573,0.620917085427
198,4017.0,10281,10281,,,,,,,,,,,,,,,,,,,,,,,,,,,,
199,4139.0,10282,10282,0.031,0.872,0.061,0.774,2439.0,0.0281672816728,0.26,0.0,0.688,0.017,0.0,0.014,0.0840508405084,0.915949159492,0.005,0.643,0.328,0.034,5730.0,0.526003490401,0.473996509599,0.00087260034904,0.705410122164,0.0134380453752,0.157417102967,0.00279232111693,0.593992932862,0.406007067138
200,60861.0,11211,11211,0.071,0.454,0.192,0.649,37381.0,0.000973756721329,0.673,0.022,0.122,0.158,0.0,0.009,0.158743746823,0.841256253177,0.726,0.394,0.567,0.305,97772.0,0.500010227877,0.499989772123,7.87546536841e-05,0.775477641861,0.0607126784765,0.0506791310396,0.00372294726507,0.373760932945,0.626239067055
201,101282.0,11373,11373,0.083,0.27,0.251,0.591,31351.0,0.000864406239035,0.669,0.021,0.048,0.243,0.0,0.008,0.269496985742,0.730503014258,0.896,0.46,0.872,0.206,98554.0,0.509588651907,0.490411348093,0.000120745986972,0.341295127544,0.0184771800231,0.494358422794,0.0051139476835,0.210830636462,0.789169363538
202,0.0,10279,10279,,,,,0.0,,,,,,,,,,,,,,0.0,,,,,,,inf,,
203,0.0,10165,10165,,,,,0.0,,,,,,,,,,,,,,0.0,,,,,,,inf,,
204,0.0,10168,10168,,,,,0.0,,,,,,,,,,,,,,0.0,,,,,,,inf,,
205,0.0,10105,10105,,,,,,,,,,,,,,,,,,,,,,,,,,,,
206,0.0,10118,10118,,,,,,,,,,,,,,,,,,,,,,,,,,,,
207,0.0,10176,10176,,,,,,,,,,,,,,,,,,,,,,,,,,,,
208,0.0,10170,10170,,,,,0.0,,,,,,,,,,,,,,0.0,,,,,,,inf,,
209,0.0,10112,10112,,,,,0.0,,,,,,,,,,,,,,0.0,,,,,,,inf,,
210,0.0,10122,10122,,,,,,,,,,,,,,,,,,,,,,,,,,,,
211,0.0,10107,10107,,,,,,,,,,,,,,,,,,,,,,,,,,,,
212,0.0,10103,10103,,,,,0.0,,,,,,,,,,,,,,0.0,,,,,,,inf,,
213,0.0,10174,10174,,,,,0.0,,,,,,,,,,,,,,0.0,,,,,,,inf,,
214,0.0,10166,10166,,,,,,,,,,,,,,,,,,,,,,,,,,,,
215,0.0,10169,10169,,,,,0.0,,,,,,,,,,,,,,0.0,,,,,,,inf,,
216,0.0,10167,10167,,,,,0.0,,,,,,,,,,,,,,0.0,,,,,,,inf,,
217,0.0,10177,10177,,,,,0.0,,,,,,,,,,,,,,0.0,,,,,,,inf,,
218,0.0,10172,10172,,,,,0.0,,,,,,,,,,,,,,0.0,,,,,,,inf,,
219,0.0,10171,10171,,,,,0.0,,,,,,,,,,,,,,0.0,,,,,,,inf,,
220,0.0,10270,10270,,,,,,,,,,,,,,,,,,,,,,,,,,,,
221,0.0,10104,10104,,,,,,,,,,,,,,,,,,,,,,,,,,,,
222,0.0,10271,10271,,,,,0.0,,,,,,,,,,,,,,0.0,,,,,,,inf,,
223,0.0,10110,10110,,,,,0.0,,,,,,,,,,,,,,0.0,,,,,,,inf,,
224,0.0,10175,10175,,,,,,,,,,,,,,,,,,,,,,,,,,,,
225,0.0,10151,10151,,,,,,,,,,,,,,,,,,,,,,,,,,,,
226,0.0,10173,10173,,,,,0.0,,,,,,,,,,,,,,0.0,,,,,,,inf,,
227,0.0,10178,10178,,,,,,,,,,,,,,,,,,,,,,,,,,,,
228,0.0,10121,10121,,,,,,,,,,,,,,,,,,,,,,,,,,,,
229,0.0,10123,10123,,,,,,,,,,,,,,,,,,,,,,,,,,,,
230,0.0,10106,10106,,,,,,,,,,,,,,,,,,,,,,,,,,,,
231,0.0,10158,10158,,,,,,,,,,,,,,,,,,,,,,,,,,,,
232,0.0,10041,10041,,,,,,,,,,,,,,,,,,,,,,,,,,,,
233,0.0,10120,10120,,,,,,,,,,,,,,,,,,,,,,,,,,,,
234,0.0,10278,10278,,,,,0.0,,,,,,,,,,,,,,0.0,,,,,,,inf,,
235,0.0,10155,10155,,,,,,,,,,,,,,,,,,,,,,,,,,,,
236,0.0,10043,10043,,,,,,,,,,,,,,,,,,,,,,,,,,,,
237,0.0,10081,10081,,,,,,,,,,,,,,,,,,,,,,,,,,,,
238,0.0,10096,10096,,,,,,,,,,,,,,,,,,,,,,,,,,,,
239,0.0,10097,10097,,,,,,,,,,,,,,,,,,,,,,,,,,,,
240,0.0,10196,10196,,,,,,,,,,,,,,,,,,,,,,,,,,,,
242,0.0,10275,10275,,,,,,,,,,,,,,,,,,,,,,,,,,,,
243,0.0,10265,10265,,,,,,,,,,,,,,,,,,,,,,,,,,,,
244,0.0,10045,10045,,,,,,,,,,,,,,,,,,,,,,,,,,,,
245,0.0,10047,10047,,,,,,,,,,,,,,,,,,,,,,,,,,,,
247,0.0,10080,10080,,,,,,,,,,,,,,,,,,,,,,,,,,,,
248,0.0,10203,10203,,,,,,,,,,,,,,,,,,,,,,,,,,,,
249,0.0,10259,10259,,,,,,,,,,,,,,,,,,,,,,,,,,,,
250,0.0,10260,10260,,,,,,,,,,,,,,,,,,,,,,,,,,,,
251,0.0,10285,10285,,,,,,,,,,,,,,,,,,,,,,,,,,,,
252,0.0,10286,10286,,,,,,,,,,,,,,,,,,,,,,,,,,,,
254,0.0,11371,11371,,,,,0.0,,,,,,,,,,,,,,0.0,,,,,,,inf,,
255,28496.0,11361,11361,0.086,0.434,0.218,0.591,10606.0,0.00241372807845,0.694,0.024,0.049,0.218,0.0,0.011,0.577503300019,0.422496699981,0.878,0.53,0.561,0.094,30207.0,0.484556559738,0.515443440262,0.000519747078492,0.512099844407,0.0235706955341,0.3598172609,0.00662098189161,0.360293081584,0.639706918416
256,23543.0,10036,10036,0.099,0.723,0.09,0.747,15455.0,0.00340989970883,0.288,0.006,0.406,0.251,0.001,0.008,0.104367518602,0.895632481398,0.551,0.196,0.311,0.131,25799.0,0.572812899725,0.427187100275,0.000395364161402,0.646110314353,0.073103608667,0.181131051591,0.00565913407496,0.590764143144,0.409235856856
257,26148.0,11414,11414,0.133,0.273,0.325,0.559,10654.0,0.00243101182654,0.833,0.018,0.036,0.108,0.001,0.002,0.711657593392,0.288342406608,0.864,0.523,0.348,0.092,28700.0,0.463728222997,0.536271777003,0.000742160278746,0.824285714286,0.0226480836237,0.0425087108014,0.000731707317073,0.351689612015,0.648310387985
258,25003.0,10310,10310,0.101,0.306,0.298,0.549,8304.0,0.00245664739884,0.782,0.01,0.051,0.15,0.001,0.003,0.606815992293,0.393184007707,0.775,0.468,0.291,0.192,24394.0,0.491227350988,0.508772649012,0.000414036238419,0.599122735099,0.234073952611,0.0519390013938,0.00131179798311,0.464753017547,0.535246982453
260,28481.0,11249,11249,,,,,,,,,,,,,,,,,,,,,,,,,,,,
261,0.0,10162,10162,0.0,0.894,0.0,0.759,671.0,0.0807749627422,0.28,0.0,0.259,0.392,0.0,0.0,0.0,1.0,1.0,0.538,0.231,0.0,1289.0,0.540729247479,0.459270752521,0.0136539953452,0.964313421257,0.0,0.0356865787432,0.00853374709077,0.448377581121,0.551622418879
262,0.0,10119,10119,,,,,0.0,,,,,,,,,,,,,,0.0,,,,,,,inf,,
